,link,player
0,player.php?name=%EC%A0%95%EB%AF%BC%EC%B2%A0&birth=1972-03-28,정민철
1,player.php?name=%EA%B9%80%ED%98%84%EC%9A%B1&birth=1970-07-06,김현욱
2,player.php?name=%EC%9E%84%EC%B0%BD%EC%9A%A9&birth=1976-06-04,임창용
3,player.php?name=%EC%A0%95%EB%AF%BC%ED%83%9C&birth=1970-03-01,정민태
4,player.php?name=%EB%B0%95%EC%A7%80%EC%B2%A0&birth=1975-04-13,박지철
5,player.php?name=%EC%9D%B4%EB%8C%80%EC%A7%84&birth=1974-06-09,이대진
6,player.php?name=%EC%9D%B4%EC%83%81%ED%9B%88&birth=1971-03-11,이상훈
7,player.php?name=%EA%B5%AC%EB%8C%80%EC%84%B1&birth=1969-08-02,구대성
8,player.php?name=%EC%9D%B4%EA%B0%95%EC%B2%A0&birth=1966-05-24,이강철
9,player.php?name=%EA%B9%80%EC%9B%90%ED%98%95&birth=1972-07-05,김원형
10,player.php?name=%EA%B9%80%EC%9A%A9%EC%88%98&birth=1960-05-02,김용수
11,player.php?name=%EA%B9%80%EA%B2%BD%EC%9B%90&birth=1971-08-13,김경원
12,player.php?name=%EC%B0%A8%EB%AA%85%EC%84%9D&birth=1969-04-20,차명석
13,player.php?name=%EA%B9%80%EC%83%81%EC%A7%84&birth=1970-03-15,김상진
14,player.php?name=%EA%B9%80%EC%83%81%EC%97%BD&birth=1970-05-11,김상엽
15,player.php?name=%EC%A1%B0%EA%B7%9C%EC%A0%9C&birth=1967-10-07,조규제
16,player.php?name=%EA%B9%80%EC%83%81%EC%A7%84&birth=1977-03-09,김상진
17,player.php?name=%EC%84%B1%EC%98%81%EC%9E%AC&birth=1971-03-09,성영재
18,player.php?name=%EC%A0%95%EB%AA%85%EC%9B%90&birth=1966-06-14,정명원
19,player.php?name=%EB%B0%95%EB%AA%85%ED%99%98&birth=1977-06-07,박명환
20,player.php?name=%EC%9E%84%EC%84%A0%EB%8F%99&birth=1973-08-04,임선동
21,player.php?name=%EB%B0%95%EC%B6%A9%EC%8B%9D&birth=1970-09-03,박충식
22,player.php?name=%EC%B5%9C%ED%96%A5%EB%82%A8&birth=1971-03-28,최향남
23,player.php?name=%EA%B9%80%ED%83%9C%ED%95%9C&birth=1969-10-22,김태한
24,player.php?name=%EC%A0%84%EC%8A%B9%EB%82%A8&birth=1974-11-26,전승남
25,player.php?name=%EC%A1%B0%EC%9B%85%EC%B2%9C&birth=1971-03-17,조웅천
26,player.php?name=%EC%9D%B4%EA%B2%BD%ED%95%84&birth=1974-05-21,이경필
27,player.php?name=%EC%9C%84%EC%9E%AC%EC%98%81&birth=1972-05-21,위재영
28,player.php?name=%EC%B5%9C%EC%A0%95%ED%99%98&birth=1973-09-26,최정환
29,player.php?name=%EA%B0%95%EB%B3%91%EA%B7%9C&birth=1972-05-20,강병규
30,player.php?name=%EC%9D%B4%EA%B4%91%EC%9A%B0&birth=1965-03-14,이광우
31,player.php?name=%EC%9D%B4%EC%83%81%EB%AA%A9&birth=1971-04-25,이상목
32,player.php?name=%EC%97%BC%EC%A2%85%EC%84%9D&birth=1973-03-20,염종석
33,player.php?name=%EC%A7%84%ED%95%84%EC%A4%91&birth=1972-10-13,진필중
34,player.php?name=%ED%95%9C%EC%9A%A9%EB%8D%95&birth=1965-06-02,한용덕
35,player.php?name=%EC%8B%A0%EC%9E%AC%EC%9B%85&birth=1972-10-10,신재웅
36,player.php?name=%EC%A1%B0%EA%B3%84%ED%98%84&birth=1964-05-01,조계현
37,player.php?name=%EC%84%B1%EC%A4%80&birth=1962-09-25,성준
38,player.php?name=%EA%B3%BD%EC%B1%84%EC%A7%84&birth=1973-03-01,곽채진
39,player.php?name=%EC%B5%9C%EC%9E%AC%ED%98%B8&birth=1973-03-27,최재호
40,player.php?name=%EA%B9%80%EC%A0%95%EC%88%98&birth=1962-07-24,김정수
41,player.php?name=%EA%B0%95%ED%83%9C%EC%9B%90&birth=1971-05-15,강태원
42,player.php?name=%EC%9D%B4%EC%9B%90%EC%8B%9D&birth=1972-06-15,이원식
43,player.php?name=%EA%B9%80%ED%83%9C%EC%84%9D&birth=1967-02-12,김태석
44,player.php?name=%EC%86%A1%EC%A7%84%EC%9A%B0&birth=1966-02-16,송진우
45,player.php?name=%EC%86%90%ED%98%81&birth=1973-08-01,손혁
46,player.php?name=%EC%B0%A8%EB%AA%85%EC%A3%BC&birth=1973-09-22,차명주
47,player.php?name=%EA%B0%95%EC%83%81%EC%88%98&birth=1971-06-22,강상수
48,player.php?name=%EC%9E%84%EC%B0%BD%EC%8B%9D&birth=1969-03-07,임창식
49,player.php?name=%EC%A0%84%EB%B3%91%ED%98%B8&birth=1973-03-23,전병호
50,player.php?name=%EC%86%A1%EC%9C%A0%EC%84%9D&birth=1966-07-16,송유석
51,player.php?name=%EC%95%88%EB%B3%91%EC%9B%90&birth=1973-10-04,안병원
52,player.php?name=%EC%B5%9C%EC%B0%BD%EC%96%91&birth=1973-06-03,최창양
53,player.php?name=%EA%B6%8C%EB%AA%85%EC%B2%A0&birth=1969-10-28,권명철
54,player.php?name=%EB%A5%98%ED%83%9D%ED%98%84&birth=1971-10-23,류택현
55,player.php?name=%EA%B9%80%ED%95%B4%EB%8B%98&birth=1975-02-07,김해님
56,player.php?name=%EC%98%A4%EC%83%81%EB%AF%BC&birth=1974-10-20,오상민
57,player.php?name=%EC%A0%95%EC%88%98%EC%B0%AC&birth=1973-12-01,정수찬
58,player.php?name=%EC%A0%95%EC%84%B1%ED%9B%88&birth=1977-12-09,정성훈
59,player.php?name=%EB%AC%B8%EB%8F%99%ED%99%98&birth=1972-05-08,문동환
60,player.php?name=%EB%B0%95%EB%B3%B4%ED%98%84&birth=1972-07-19,박보현
61,player.php?name=%EC%B5%9C%EC%B0%BD%ED%98%B8&birth=1966-11-08,최창호
62,player.php?name=%EC%9D%B4%EC%83%81%EC%97%B4&birth=1977-04-20,이상열
63,player.php?name=%EA%B0%95%EA%B8%B8%EC%9A%A9&birth=1968-10-14,강길용
64,player.php?name=%EA%B9%80%EC%83%81%ED%98%84&birth=1968-04-28,김상현
65,player.php?name=%EC%98%A4%EB%B4%89%EC%98%A5&birth=1968-07-08,오봉옥
66,player.php?name=%EC%B5%9C%EC%8A%B9%EB%AF%BC&birth=1974-03-21,최승민
67,player.php?name=%EA%B9%80%EA%B8%B0%EB%8D%95&birth=1968-06-04,김기덕
68,player.php?name=%EC%9D%B4%EC%83%81%ED%9B%88&birth=1971-03-21,이상훈
69,player.php?name=%EB%B3%80%EB%8C%80%EC%88%98&birth=1975-01-18,변대수
70,player.php?name=%EA%B9%80%EC%9D%B8%EC%B2%A0&birth=1971-07-14,김인철
71,player.php?name=%EA%B0%80%EB%93%9D%EC%97%BC&birth=1969-10-01,가득염
72,player.php?name=%EA%B9%80%EC%98%81%EC%88%98&birth=1975-01-15,김영수
73,player.php?name=%EC%B5%9C%EC%98%81%ED%95%84&birth=1974-05-13,최영필
74,player.php?name=%EC%B5%9C%EC%9B%90%ED%98%B8&birth=1973-03-13,최원호
75,player.php?name=%EA%B9%80%ED%99%98%EC%A1%B0&birth=1974-02-10,김환조
76,player.php?name=%EB%B0%95%EC%84%B1%EC%A7%84&birth=1972-07-09,박성진
77,player.php?name=%ED%95%9C%ED%83%9C%EA%B7%A0&birth=1971-03-22,한태균
78,player.php?name=%EC%9E%84%EB%B4%89%EC%B6%98&birth=1974-02-10,임봉춘
79,player.php?name=%EC%86%90%EB%AF%BC%ED%95%9C&birth=1975-01-02,손민한
80,player.php?name=%EC%9D%B4%EC%83%81%EB%B2%88&birth=1970-03-05,이상번
81,player.php?name=%EC%9C%A4%ED%98%95%EB%B0%B0&birth=1969-04-20,윤형배
82,player.php?name=%EB%B0%95%EC%A7%84%EC%84%9D&birth=1968-01-28,박진석
83,player.php?name=%EB%AF%BC%EC%9B%90%EA%B8%B0&birth=1969-07-05,민원기
84,player.php?name=%EC%8B%A0%EC%83%81%EC%9C%A4&birth=1972-03-22,신상윤
85,player.php?name=%EA%B0%80%EB%82%B4%EC%98%81&birth=1971-03-29,가내영
86,player.php?name=%EA%B9%80%EC%83%81%ED%98%84&birth=1974-04-08,김상현
87,player.php?name=%EB%B0%95%EB%B6%80%EC%84%B1&birth=1976-05-10,박부성
88,player.php?name=%EA%B9%80%EB%B4%89%EC%98%81&birth=1973-02-25,김봉영
89,player.php?name=%ED%95%9C%EB%AA%85%EC%9C%A4&birth=1977-09-06,한명윤
90,player.php?name=%EB%B0%95%EC%A7%84%EC%B2%A0&birth=1975-02-28,박진철
91,player.php?name=%EB%85%B8%EC%9E%A5%EC%A7%84&birth=1974-08-10,노장진
92,player.php?name=%EA%B9%80%EB%8F%99%ED%98%B8&birth=1973-05-24,김동호
93,player.php?name=%EC%8B%A0%EB%8F%99%EC%88%98&birth=1966-10-01,신동수
94,player.php?name=%EA%B9%80%EA%B8%B0%EB%B2%94&birth=1965-12-13,김기범
95,player.php?name=%EA%B9%80%EA%B1%B4%EC%9A%B0&birth=1963-08-30,김건우
96,player.php?name=%EC%B5%9C%ED%95%9C%EB%A6%BC&birth=1971-11-15,최한림
97,player.php?name=%EC%9D%B4%EC%9E%AC%EB%A7%8C&birth=1970-07-14,이재만
98,player.php?name=%EC%9D%B4%EC%9D%80%EC%8A%B9&birth=1971-02-12,이은승
99,player.php?name=%EC%B5%9C%ED%98%B8%EC%9B%90&birth=1971-06-14,최호원
100,player.php?name=%EA%B0%90%EB%B3%91%ED%9B%88&birth=1971-05-25,감병훈
101,player.php?name=%EC%84%A4%EC%A2%85%EC%A7%84&birth=1973-06-16,설종진
102,player.php?name=%EB%B0%95%EC%B2%A0%EC%9B%85&birth=1970-04-15,박철웅
103,player.php?name=%EA%B9%80%EB%AF%BC%EA%B8%B0&birth=1977-05-19,김민기
104,player.php?name=%EB%B0%95%EC%A0%95%ED%98%84&birth=1969-07-10,박정현
105,player.php?name=%EB%B0%95%EB%8F%99%ED%9D%AC&birth=1968-01-04,박동희
106,player.php?name=%EA%B9%80%ED%83%9C%EC%9B%90&birth=1964-01-28,김태원
107,player.php?name=%EC%9E%A5%EC%A0%95%EC%88%9C&birth=1964-08-01,장정순
108,player.php?name=%EC%98%A4%EC%B2%A0%EB%AF%BC&birth=1973-05-28,오철민
109,player.php?name=%EC%9D%B8%ED%98%84%EB%B0%B0&birth=1971-10-04,인현배
110,player.php?name=%EC%9E%A5%EC%8A%B9%EC%9D%B5&birth=1976-06-11,장승익
111,player.php?name=%EC%9D%B4%EA%B2%BD%ED%98%B8&birth=1973-09-07,이경호
112,player.php?name=%EC%8B%A0%EC%B0%BD%EC%88%98&birth=1974-04-25,신창수
113,player.php?name=%EA%B9%80%EC%9D%B5%EC%9E%AC&birth=1968-07-23,김익재
114,player.php?name=%EA%B9%80%EC%A7%84%EC%B2%A0&birth=1972-12-15,김진철
115,player.php?name=%EC%A0%95%EC%98%81%ED%99%98&birth=1973-04-10,정영환
116,player.php?name=%EC%A0%95%EC%9D%B8%EC%84%9D&birth=1978-10-05,정인석
117,player.php?name=%EA%B9%80%EC%9E%AC%EC%84%B1&birth=1969-05-27,김재성
118,player.php?name=%EC%B5%9C%EC%9A%A9%ED%98%B8&birth=1976-04-30,최용호
119,player.php?name=%ED%99%8D%EC%9A%B0%ED%83%9C&birth=1971-11-19,홍우태
120,player.php?name=%EB%B0%95%EC%84%9D%EC%A7%84&birth=1972-07-19,박석진
121,player.php?name=%EC%9D%B4%EC%A0%95%ED%9B%88&birth=1977-10-09,이정훈
122,player.php?name=%EB%85%B8%EC%A2%85%EC%9A%B0&birth=1969-08-29,노종우
123,player.php?name=%EA%B9%80%ED%98%95%EC%A3%BC&birth=1977-08-11,김형주
124,player.php?name=%EB%82%98%EC%84%B1%EC%97%B4&birth=1972-09-09,나성열
125,player.php?name=%EA%B3%B5%EC%9A%A9%EC%9A%B0&birth=1972-08-12,공용우
126,player.php?name=%ED%99%8D%EA%B8%B8%EB%82%A8&birth=1971-02-24,홍길남
127,player.php?name=%EA%B9%80%EC%84%9D%EA%B8%B0&birth=1967-10-07,김석기
128,player.php?name=%EA%B9%80%EB%AF%BC%EA%B5%AD&birth=1972-05-27,김민국
129,player.php?name=%EC%9E%A5%ED%98%95%EC%84%9D&birth=1976-06-06,장형석
130,player.php?name=%EC%A3%BC%ED%98%95%EA%B4%91&birth=1976-03-01,주형광
131,player.php?name=%EC%9C%A0%ED%98%84%EC%8A%B9&birth=1971-03-27,유현승
132,player.php?name=%EB%B0%95%EC%A3%BC%EC%96%B8&birth=1973-07-13,박주언
133,player.php?name=%EA%B9%80%ED%99%8D%EC%A7%91&birth=1971-01-30,김홍집
134,player.php?name=%EB%B0%95%ED%83%9C%EC%88%9C&birth=1974-02-08,박태순
135,player.php?name=%EA%B9%80%EB%AF%BC%ED%83%9C&birth=1970-03-23,김민태
136,player.php?name=%EC%8B%A0%EC%98%81%EA%B7%A0&birth=1974-02-16,신영균
137,player.php?name=%EA%B9%80%EC%8A%B9%EB%82%A8&birth=1972-06-28,김승남
138,player.php?name=%EB%B0%95%EC%84%B1%EA%B8%B0&birth=1969-01-20,박성기
139,player.php?name=%EC%9D%B4%EC%9A%A9%ED%98%B8&birth=1970-05-06,이용호
140,player.php?name=%EC%9C%A4%ED%95%99%EA%B8%B8&birth=1961-07-04,윤학길
141,player.php?name=%EA%B9%80%EC%84%B1%ED%95%9C&birth=1971-04-17,김성한
142,player.php?name=%EC%B0%A8%EB%8F%99%EC%B2%A0&birth=1963-01-27,차동철
143,player.php?name=%EC%9E%A5%EB%AC%B8%EC%84%9D&birth=1974-12-15,장문석
